race_id,driver_id,y_true,y_pred
2022_R06,Max Verstappen,1.0,2.418876
2022_R06,Daniel Ricciardo,12.0,11.152294
2022_R06,Lando Norris,8.0,9.070157
2022_R06,Sebastian Vettel,11.0,11.753297
2022_R06,Nicholas Latifi,16.0,16.471237
2022_R06,Pierre Gasly,13.0,12.171228
2022_R06,Sergio Perez,2.0,4.0113573
2022_R06,Fernando Alonso,9.0,11.117004
2022_R06,Charles Leclerc,20.0,14.720623
2022_R06,Lance Stroll,15.0,15.308694
2022_R06,Kevin Magnussen,17.0,15.220128
2022_R06,Yuki Tsunoda,10.0,10.70197
2022_R06,Alexander Albon,18.0,17.019169
2022_R06,Guanyu Zhou,19.0,16.639084
2022_R06,Esteban Ocon,7.0,6.674805
2022_R06,Lewis Hamilton,5.0,5.974478
2022_R06,Mick Schumacher,14.0,14.97133
2022_R06,Carlos Sainz,4.0,3.0642498
2022_R06,George Russell,3.0,3.5026295
2022_R06,Valtteri Bottas,6.0,7.642148
2022_R07,Max Verstappen,3.0,4.298754
2022_R07,Daniel Ricciardo,13.0,12.06905
2022_R07,Lando Norris,6.0,5.430257
2022_R07,Sebastian Vettel,10.0,10.050647
2022_R07,Nicholas Latifi,15.0,14.692505
2022_R07,Pierre Gasly,11.0,12.049285
2022_R07,Sergio Perez,1.0,3.082176
2022_R07,Fernando Alonso,7.0,7.6604733
2022_R07,Charles Leclerc,4.0,4.765859
2022_R07,Lance Stroll,14.0,13.742455
2022_R07,Kevin Magnussen,20.0,17.672468
2022_R07,Yuki Tsunoda,17.0,12.704514
2022_R07,Alexander Albon,18.0,15.783996
2022_R07,Guanyu Zhou,16.0,13.201936
2022_R07,Esteban Ocon,12.0,12.50267
2022_R07,Lewis Hamilton,8.0,8.585702
2022_R07,Mick Schumacher,19.0,15.013667
2022_R07,Carlos Sainz,2.0,2.9311306
2022_R07,George Russell,5.0,5.381696
2022_R07,Valtteri Bottas,9.0,8.823764
2022_R08,Max Verstappen,1.0,1.0
2022_R08,Daniel Ricciardo,8.0,8.311288
2022_R08,Lando Norris,9.0,7.087574
2022_R08,Sebastian Vettel,6.0,7.0403776
2022_R08,Nicholas Latifi,15.0,14.264898
2022_R08,Pierre Gasly,5.0,6.418448
2022_R08,Sergio Perez,2.0,1.2565954
2022_R08,Fernando Alonso,7.0,8.07845
2022_R08,Charles Leclerc,19.0,17.675133
2022_R08,Lance Stroll,16.0,14.858962
2022_R08,Kevin Magnussen,17.0,16.199282
2022_R08,Yuki Tsunoda,13.0,14.274572
2022_R08,Alexander Albon,12.0,12.130698
2022_R08,Guanyu Zhou,18.0,18.093794
2022_R08,Esteban Ocon,10.0,9.564867
2022_R08,Lewis Hamilton,4.0,3.3796554
2022_R08,Mick Schumacher,14.0,13.180805
2022_R08,Carlos Sainz,20.0,18.727093
2022_R08,George Russell,3.0,2.5114772
2022_R08,Valtteri Bottas,11.0,10.280368
2022_R09,Max Verstappen,1.0,1.403506
2022_R09,Daniel Ricciardo,11.0,12.542132
2022_R09,Lando Norris,15.0,14.492316
2022_R09,Sebastian Vettel,12.0,13.3562
2022_R09,Nicholas Latifi,16.0,15.560704
2022_R09,Pierre Gasly,14.0,13.135466
2022_R09,Sergio Perez,20.0,19.669285
2022_R09,Fernando Alonso,9.0,14.06977
2022_R09,Charles Leclerc,5.0,9.248533
2022_R09,Lance Stroll,10.0,11.380927
2022_R09,Kevin Magnussen,17.0,17.52924
2022_R09,Yuki Tsunoda,18.0,15.038006
2022_R09,Alexander Albon,13.0,12.146137
2022_R09,Guanyu Zhou,8.0,10.706242
2022_R09,Esteban Ocon,6.0,5.661379
2022_R09,Lewis Hamilton,3.0,2.9622264
2022_R09,Mick Schumacher,19.0,19.485945
2022_R09,Carlos Sainz,2.0,2.0773692
2022_R09,George Russell,4.0,5.8496156
2022_R09,Valtteri Bottas,7.0,7.718087
2022_R10,Max Verstappen,7.0,8.005634
2022_R10,Daniel Ricciardo,13.0,13.192703
2022_R10,Lando Norris,6.0,5.1155214
2022_R10,Sebastian Vettel,9.0,8.734541
2022_R10,Nicholas Latifi,12.0,14.293302
2022_R10,Pierre Gasly,16.0,14.310524
2022_R10,Sergio Perez,2.0,2.5924613
2022_R10,Fernando Alonso,5.0,4.9790277
2022_R10,Charles Leclerc,4.0,3.7260613
2022_R10,Lance Stroll,11.0,10.59035
2022_R10,Kevin Magnussen,10.0,11.997746
2022_R10,Yuki Tsunoda,14.0,13.126533
2022_R10,Alexander Albon,20.0,19.766256
2022_R10,Guanyu Zhou,19.0,18.524874
2022_R10,Esteban Ocon,15.0,13.76644
2022_R10,Lewis Hamilton,3.0,2.2478578
2022_R10,Mick Schumacher,8.0,11.15211
2022_R10,Carlos Sainz,1.0,1.6410544
2022_R10,George Russell,18.0,19.889982
2022_R10,Valtteri Bottas,17.0,17.548235
2022_R11,Max Verstappen,2.0,2.6491296
2022_R11,Daniel Ricciardo,9.0,8.758105
2022_R11,Lando Norris,7.0,7.6292667
2022_R11,Sebastian Vettel,17.0,14.776005
2022_R11,Nicholas Latifi,19.0,17.86519
2022_R11,Pierre Gasly,15.0,14.487748
2022_R11,Sergio Perez,20.0,18.886335
2022_R11,Fernando Alonso,10.0,9.264796
2022_R11,Charles Leclerc,1.0,2.1006284
2022_R11,Lance Stroll,13.0,12.017321
2022_R11,Kevin Magnussen,8.0,8.443246
2022_R11,Yuki Tsunoda,16.0,15.77736
2022_R11,Alexander Albon,12.0,12.014375
2022_R11,Guanyu Zhou,14.0,13.550897
2022_R11,Esteban Ocon,5.0,5.53167
2022_R11,Lewis Hamilton,3.0,5.242852
2022_R11,Mick Schumacher,6.0,6.6862345
2022_R11,Carlos Sainz,18.0,15.527729
2022_R11,George Russell,4.0,3.4814746
2022_R11,Valtteri Bottas,11.0,13.253302
2022_R12,Max Verstappen,1.0,2.0328836
2022_R12,Daniel Ricciardo,9.0,8.425369
2022_R12,Lando Norris,7.0,8.217671
2022_R12,Sebastian Vettel,11.0,10.868565
2022_R12,Nicholas Latifi,17.0,16.051695
2022_R12,Pierre Gasly,12.0,13.179917
2022_R12,Sergio Perez,4.0,4.0136566
2022_R12,Fernando Alonso,6.0,5.846638
2022_R12,Charles Leclerc,19.0,20.0
2022_R12,Lance Stroll,10.0,10.906528
2022_R12,Kevin Magnussen,18.0,16.719591
2022_R12,Yuki Tsunoda,20.0,17.66685
2022_R12,Alexander Albon,13.0,12.986667
2022_R12,Guanyu Zhou,16.0,15.899975
2022_R12,Esteban Ocon,8.0,9.278497
2022_R12,Lewis Hamilton,2.0,2.2803893
2022_R12,Mick Schumacher,15.0,14.467524
2022_R12,Carlos Sainz,5.0,6.6281767
2022_R12,George Russell,3.0,3.780968
2022_R12,Valtteri Bottas,14.0,14.245834
2022_R13,Max Verstappen,1.0,6.0359
2022_R13,Daniel Ricciardo,15.0,13.129902
2022_R13,Lando Norris,7.0,6.808069
2022_R13,Sebastian Vettel,10.0,9.46829
2022_R13,Nicholas Latifi,18.0,17.241482
2022_R13,Pierre Gasly,12.0,14.667711
2022_R13,Sergio Perez,5.0,6.3485594
2022_R13,Fernando Alonso,8.0,8.969446
2022_R13,Charles Leclerc,6.0,5.50889
2022_R13,Lance Stroll,11.0,11.651738
2022_R13,Kevin Magnussen,16.0,14.824024
2022_R13,Yuki Tsunoda,19.0,16.8803
2022_R13,Alexander Albon,17.0,16.584053
2022_R13,Guanyu Zhou,13.0,12.930911
2022_R13,Esteban Ocon,9.0,15.03377
2022_R13,Lewis Hamilton,2.0,3.1563988
2022_R13,Mick Schumacher,14.0,14.3636875
2022_R13,Carlos Sainz,4.0,5.0535126
2022_R13,George Russell,3.0,4.0579667
2022_R13,Valtteri Bottas,20.0,17.56306
2022_R14,Max Verstappen,1.0,5.5885487
2022_R14,Daniel Ricciardo,15.0,15.274687
2022_R14,Lando Norris,12.0,10.670985
2022_R14,Sebastian Vettel,8.0,8.870613
2022_R14,Nicholas Latifi,18.0,16.785458
2022_R14,Pierre Gasly,9.0,11.428473
2022_R14,Sergio Perez,2.0,2.5334644
2022_R14,Fernando Alonso,5.0,6.5160465
2022_R14,Charles Leclerc,6.0,7.090057
2022_R14,Lance Stroll,11.0,12.041785
2022_R14,Kevin Magnussen,16.0,15.705018
2022_R14,Yuki Tsunoda,13.0,13.879372
2022_R14,Alexander Albon,10.0,11.138226
2022_R14,Guanyu Zhou,14.0,14.448759
2022_R14,Esteban Ocon,7.0,9.2885275
2022_R14,Lewis Hamilton,20.0,19.267746
2022_R14,Mick Schumacher,17.0,16.335838
2022_R14,Carlos Sainz,3.0,3.3657546
2022_R14,George Russell,4.0,3.511024
2022_R14,Valtteri Bottas,19.0,19.769644
2022_R15,Max Verstappen,1.0,1.8986795
2022_R15,Daniel Ricciardo,17.0,16.510962
2022_R15,Lando Norris,7.0,6.570833
2022_R15,Sebastian Vettel,14.0,13.796739
2022_R15,Nicholas Latifi,18.0,16.886072
2022_R15,Pierre Gasly,11.0,11.042972
2022_R15,Sergio Perez,5.0,4.309815
2022_R15,Fernando Alonso,6.0,6.475705
2022_R15,Charles Leclerc,3.0,2.7057147
2022_R15,Lance Stroll,10.0,10.500036
2022_R15,Kevin Magnussen,15.0,14.078015
2022_R15,Yuki Tsunoda,20.0,18.541376
2022_R15,Alexander Albon,12.0,11.969159
2022_R15,Guanyu Zhou,16.0,15.448625
2022_R15,Esteban Ocon,9.0,8.733875
2022_R15,Lewis Hamilton,4.0,3.1944532
2022_R15,Mick Schumacher,13.0,11.604276
2022_R15,Carlos Sainz,8.0,7.6915884
2022_R15,George Russell,2.0,3.4166148
2022_R15,Valtteri Bottas,19.0,19.051601
2022_R16,Max Verstappen,1.0,2.326789
2022_R16,Daniel Ricciardo,17.0,17.715197
2022_R16,Lando Norris,7.0,7.4720225
2022_R16,Sebastian Vettel,20.0,19.871265
2022_R16,Nicholas Latifi,15.0,15.447606
2022_R16,Pierre Gasly,8.0,9.117167
2022_R16,Sergio Perez,6.0,5.694324
2022_R16,Fernando Alonso,19.0,19.837975
2022_R16,Charles Leclerc,2.0,2.718941
2022_R16,Lance Stroll,18.0,17.872015
2022_R16,Kevin Magnussen,16.0,15.995402
2022_R16,Yuki Tsunoda,14.0,12.717577
2022_R16,Guanyu Zhou,10.0,10.509827
2022_R16,Esteban Ocon,11.0,10.284825
2022_R16,Lewis Hamilton,5.0,5.0468717
2022_R16,Nyck De Vries,9.0,9.426095
2022_R16,Mick Schumacher,12.0,11.771896
2022_R16,Carlos Sainz,4.0,5.877712
2022_R16,George Russell,3.0,3.2895138
2022_R16,Valtteri Bottas,13.0,12.812121
2022_R17,Max Verstappen,7.0,5.706053
2022_R17,Daniel Ricciardo,5.0,8.643804
2022_R17,Lando Norris,4.0,4.215172
2022_R17,Sebastian Vettel,8.0,9.168585
2022_R17,Nicholas Latifi,19.0,19.135506
2022_R17,Pierre Gasly,10.0,10.000686
2022_R17,Sergio Perez,1.0,2.9863877
2022_R17,Fernando Alonso,18.0,18.535261
2022_R17,Charles Leclerc,2.0,2.4066205
2022_R17,Lance Stroll,6.0,7.3674965
2022_R17,Kevin Magnussen,12.0,12.9704
2022_R17,Yuki Tsunoda,15.0,16.830833
2022_R17,Alexander Albon,17.0,16.501795
2022_R17,Guanyu Zhou,20.0,19.653475
2022_R17,Esteban Ocon,16.0,16.18372
2022_R17,Lewis Hamilton,9.0,14.776377
2022_R17,Mick Schumacher,13.0,13.610473
2022_R17,Carlos Sainz,3.0,2.959211
2022_R17,George Russell,14.0,11.125972
2022_R17,Valtteri Bottas,11.0,11.285679
2022_R18,Max Verstappen,1.0,1.291901
2022_R18,Daniel Ricciardo,11.0,11.566842
2022_R18,Lando Norris,10.0,10.018578
2022_R18,Sebastian Vettel,6.0,7.4024076
2022_R18,Nicholas Latifi,9.0,8.719955
2022_R18,Pierre Gasly,18.0,16.854992
2022_R18,Sergio Perez,2.0,2.4960513
2022_R18,Fernando Alonso,7.0,7.1438003
2022_R18,Charles Leclerc,3.0,3.3039644
2022_R18,Lance Stroll,12.0,11.460342
2022_R18,Kevin Magnussen,14.0,13.363451
2022_R18,Yuki Tsunoda,13.0,13.112553
2022_R18,Alexander Albon,20.0,18.576607
2022_R18,Guanyu Zhou,16.0,14.861449
2022_R18,Esteban Ocon,4.0,5.961178
2022_R18,Lewis Hamilton,5.0,4.8730474
2022_R18,Mick Schumacher,17.0,15.723972
2022_R18,Carlos Sainz,19.0,17.518473
2022_R18,George Russell,8.0,7.063992
2022_R18,Valtteri Bottas,15.0,15.099246
2022_R19,Max Verstappen,1.0,1.1800032
2022_R19,Daniel Ricciardo,16.0,15.936036
2022_R19,Lando Norris,6.0,6.6180277
2022_R19,Sebastian Vettel,8.0,7.8707333
2022_R19,Nicholas Latifi,17.0,16.907398
2022_R19,Pierre Gasly,14.0,14.478261
2022_R19,Sergio Perez,4.0,2.8320284
2022_R19,Fernando Alonso,7.0,8.964767
2022_R19,Charles Leclerc,3.0,4.3123803
2022_R19,Lance Stroll,18.0,16.165142
2022_R19,Kevin Magnussen,9.0,9.815438
2022_R19,Yuki Tsunoda,10.0,9.882905
2022_R19,Alexander Albon,13.0,14.457627
2022_R19,Guanyu Zhou,12.0,12.681081
2022_R19,Esteban Ocon,11.0,11.467803
2022_R19,Lewis Hamilton,2.0,2.210926
2022_R19,Mick Schumacher,15.0,16.168564
2022_R19,Carlos Sainz,20.0,18.603216
2022_R19,George Russell,5.0,4.4147115
2022_R19,Valtteri Bottas,19.0,16.084648
2022_R20,Max Verstappen,1.0,2.0000296
2022_R20,Daniel Ricciardo,7.0,8.005608
2022_R20,Lando Norris,9.0,7.3023186
2022_R20,Sebastian Vettel,14.0,12.945358
2022_R20,Nicholas Latifi,18.0,16.890778
2022_R20,Pierre Gasly,11.0,11.770786
2022_R20,Sergio Perez,3.0,3.0066164
2022_R20,Fernando Alonso,19.0,18.491049
2022_R20,Charles Leclerc,6.0,4.112087
2022_R20,Lance Stroll,15.0,14.462439
2022_R20,Kevin Magnussen,17.0,17.295809
2022_R20,Yuki Tsunoda,20.0,19.242022
2022_R20,Alexander Albon,12.0,11.996204
2022_R20,Guanyu Zhou,13.0,14.047143
2022_R20,Esteban Ocon,8.0,8.483203
2022_R20,Lewis Hamilton,2.0,2.0990362
2022_R20,Mick Schumacher,16.0,16.607437
2022_R20,Carlos Sainz,5.0,6.584259
2022_R20,George Russell,4.0,4.0547876
2022_R20,Valtteri Bottas,10.0,14.672464
2022_R21,Max Verstappen,6.0,5.2841835
2022_R21,Daniel Ricciardo,20.0,20.0
2022_R21,Lando Norris,18.0,15.104456
2022_R21,Sebastian Vettel,11.0,10.604242
2022_R21,Nicholas Latifi,16.0,16.11549
2022_R21,Pierre Gasly,14.0,13.65623
2022_R21,Sergio Perez,7.0,6.404376
2022_R21,Fernando Alonso,5.0,7.638443
2022_R21,Charles Leclerc,4.0,4.3088236
2022_R21,Lance Stroll,10.0,11.566731
2022_R21,Kevin Magnussen,19.0,19.449032
2022_R21,Yuki Tsunoda,17.0,13.705366
2022_R21,Alexander Albon,15.0,15.334735
2022_R21,Guanyu Zhou,12.0,12.583072
2022_R21,Esteban Ocon,8.0,7.8032665
2022_R21,Lewis Hamilton,2.0,1.7584666
2022_R21,Mick Schumacher,13.0,13.475634
2022_R21,Carlos Sainz,3.0,3.01521
2022_R21,George Russell,1.0,1.2385651
2022_R21,Valtteri Bottas,9.0,10.549844
2022_R22,Max Verstappen,1.0,1.2727517
2022_R22,Daniel Ricciardo,9.0,8.054817
2022_R22,Lando Norris,6.0,6.0058727
2022_R22,Sebastian Vettel,10.0,9.928982
2022_R22,Nicholas Latifi,19.0,18.174013
2022_R22,Pierre Gasly,14.0,13.390988
2022_R22,Sergio Perez,3.0,3.0519817
2022_R22,Fernando Alonso,20.0,18.436455
2022_R22,Charles Leclerc,2.0,1.805832
2022_R22,Lance Stroll,8.0,8.810515
2022_R22,Kevin Magnussen,17.0,16.75281
2022_R22,Yuki Tsunoda,11.0,11.27685
2022_R22,Alexander Albon,13.0,13.513626
2022_R22,Guanyu Zhou,12.0,11.839012
2022_R22,Esteban Ocon,7.0,8.221002
2022_R22,Lewis Hamilton,18.0,16.737621
2022_R22,Mick Schumacher,16.0,14.711471
2022_R22,Carlos Sainz,4.0,3.6265318
2022_R22,George Russell,5.0,4.4803085
2022_R22,Valtteri Bottas,15.0,13.733227
2023_R01,Max Verstappen,1.0,1.0
2023_R01,Logan Sargeant,12.0,10.69744
2023_R01,Lando Norris,17.0,14.077413
2023_R01,Pierre Gasly,9.0,7.7416935
2023_R01,Sergio Perez,2.0,1.6134496
2023_R01,Fernando Alonso,3.0,2.9186254
2023_R01,Charles Leclerc,19.0,15.023628
2023_R01,Lance Stroll,6.0,7.339787
2023_R01,Kevin Magnussen,13.0,11.978712
2023_R01,Nyck De Vries,14.0,13.066461
2023_R01,Yuki Tsunoda,11.0,10.293546
2023_R01,Alexander Albon,10.0,9.809456
2023_R01,Guanyu Zhou,16.0,15.063592
2023_R01,Nico Hulkenberg,15.0,15.570931
2023_R01,Esteban Ocon,18.0,14.818452
2023_R01,Lewis Hamilton,5.0,4.1839547
2023_R01,Carlos Sainz,4.0,3.9051156
2023_R01,George Russell,7.0,5.873255
2023_R01,Valtteri Bottas,8.0,8.244359
2023_R01,Oscar Piastri,20.0,18.499882
2023_R02,Max Verstappen,2.0,3.001977
2023_R02,Logan Sargeant,16.0,14.701292
2023_R02,Lando Norris,17.0,16.021858
2023_R02,Pierre Gasly,9.0,9.714647
2023_R02,Sergio Perez,1.0,1.4004318
2023_R02,Fernando Alonso,3.0,3.064061
2023_R02,Charles Leclerc,7.0,5.9287696
2023_R02,Lance Stroll,20.0,16.552572
2023_R02,Kevin Magnussen,10.0,10.119144
2023_R02,Nyck De Vries,14.0,13.487484
2023_R02,Yuki Tsunoda,11.0,10.675458
2023_R02,Alexander Albon,19.0,18.788963
2023_R02,Guanyu Zhou,13.0,13.719735
2023_R02,Nico Hulkenberg,12.0,13.165329
2023_R02,Esteban Ocon,8.0,8.337884
2023_R02,Lewis Hamilton,5.0,4.570116
2023_R02,Carlos Sainz,6.0,6.1702404
2023_R02,George Russell,4.0,3.7565448
2023_R02,Valtteri Bottas,18.0,17.198624
2023_R02,Oscar Piastri,15.0,18.15446
2023_R03,Max Verstappen,1.0,1.0
2023_R03,Logan Sargeant,16.0,16.828487
2023_R03,Lando Norris,6.0,7.524396
2023_R03,Pierre Gasly,13.0,14.280597
2023_R03,Sergio Perez,5.0,6.6688337
2023_R03,Fernando Alonso,3.0,3.2574813
2023_R03,Charles Leclerc,20.0,19.619474
2023_R03,Lance Stroll,4.0,4.441889
2023_R03,Kevin Magnussen,17.0,17.30577
2023_R03,Nyck De Vries,15.0,14.684487
2023_R03,Yuki Tsunoda,10.0,11.417526
2023_R03,Alexander Albon,19.0,19.355463
2023_R03,Guanyu Zhou,9.0,10.097567
2023_R03,Nico Hulkenberg,7.0,7.4343743
2023_R03,Esteban Ocon,14.0,13.7540455
2023_R03,Lewis Hamilton,2.0,1.7632784
2023_R03,Carlos Sainz,12.0,10.463366
2023_R03,George Russell,18.0,17.513985
2023_R03,Valtteri Bottas,11.0,11.933741
2023_R03,Oscar Piastri,8.0,9.131499
2023_R04,Max Verstappen,2.0,1.8742678
2023_R04,Logan Sargeant,16.0,16.840677
2023_R04,Lando Norris,9.0,10.427868
2023_R04,Pierre Gasly,14.0,12.823672
2023_R04,Sergio Perez,1.0,1.5952666
2023_R04,Fernando Alonso,4.0,4.0696435
2023_R04,Charles Leclerc,3.0,5.238065
2023_R04,Lance Stroll,7.0,6.9738274
2023_R04,Kevin Magnussen,13.0,12.692406
2023_R04,Nyck De Vries,20.0,19.466505
2023_R04,Yuki Tsunoda,10.0,11.447105
2023_R04,Alexander Albon,12.0,11.945141
2023_R04,Guanyu Zhou,19.0,18.484762
2023_R04,Nico Hulkenberg,17.0,15.300053
2023_R04,Esteban Ocon,15.0,14.214933
2023_R04,Lewis Hamilton,6.0,6.171227
2023_R04,Carlos Sainz,5.0,5.2881494
2023_R04,George Russell,8.0,7.1917286
2023_R04,Valtteri Bottas,18.0,16.278673
2023_R04,Oscar Piastri,11.0,10.170912
2023_R05,Max Verstappen,1.0,3.4889927
2023_R05,Logan Sargeant,20.0,18.76945
2023_R05,Lando Norris,17.0,16.446278
2023_R05,Pierre Gasly,8.0,9.405437
2023_R05,Sergio Perez,2.0,2.428436
2023_R05,Fernando Alonso,3.0,3.0776794
2023_R05,Charles Leclerc,7.0,6.1727986
2023_R05,Lance Stroll,12.0,10.212587
2023_R05,Kevin Magnussen,10.0,15.154794
2023_R05,Nyck De Vries,18.0,18.031317
2023_R05,Yuki Tsunoda,11.0,10.593918
2023_R05,Alexander Albon,14.0,14.541152
2023_R05,Guanyu Zhou,16.0,16.0496
2023_R05,Nico Hulkenberg,15.0,14.537428
2023_R05,Esteban Ocon,9.0,9.337319
2023_R05,Lewis Hamilton,6.0,5.730147
2023_R05,Carlos Sainz,5.0,5.0742598
2023_R05,George Russell,4.0,3.9156842
2023_R05,Valtteri Bottas,13.0,13.910371
2023_R05,Oscar Piastri,19.0,18.182522
2023_R06,Max Verstappen,1.0,1.0
2023_R06,Logan Sargeant,18.0,17.705742
2023_R06,Lando Norris,9.0,8.75845
2023_R06,Pierre Gasly,7.0,7.14079
2023_R06,Sergio Perez,16.0,9.990026
2023_R06,Fernando Alonso,2.0,1.9532881
2023_R06,Charles Leclerc,6.0,6.100399
2023_R06,Lance Stroll,20.0,18.885721
2023_R06,Kevin Magnussen,19.0,18.925611
2023_R06,Nyck De Vries,12.0,12.328325
2023_R06,Yuki Tsunoda,15.0,15.905216
2023_R06,Alexander Albon,14.0,14.173807
2023_R06,Guanyu Zhou,13.0,13.724255
2023_R06,Nico Hulkenberg,17.0,16.726429
2023_R06,Esteban Ocon,3.0,4.471324
2023_R06,Lewis Hamilton,4.0,4.0644927
2023_R06,Carlos Sainz,8.0,7.7538986
2023_R06,George Russell,5.0,5.4431186
2023_R06,Valtteri Bottas,11.0,11.2854395
2023_R06,Oscar Piastri,10.0,9.161896
2023_R07,Max Verstappen,1.0,1.0
2023_R07,Logan Sargeant,20.0,18.724379
2023_R07,Lando Norris,17.0,15.978643
2023_R07,Pierre Gasly,10.0,9.687462
2023_R07,Sergio Perez,4.0,4.8395896
2023_R07,Fernando Alonso,7.0,5.0280724
2023_R07,Charles Leclerc,11.0,7.3368087
2023_R07,Lance Stroll,6.0,6.49888
2023_R07,Kevin Magnussen,18.0,17.432224
2023_R07,Nyck De Vries,14.0,13.954914
2023_R07,Yuki Tsunoda,12.0,12.137196
2023_R07,Alexander Albon,16.0,16.23176
2023_R07,Guanyu Zhou,9.0,9.449371
2023_R07,Nico Hulkenberg,15.0,14.048048
2023_R07,Esteban Ocon,8.0,8.310369
2023_R07,Lewis Hamilton,2.0,2.6878533
2023_R07,Carlos Sainz,5.0,6.4689507
2023_R07,George Russell,3.0,5.450049
2023_R07,Valtteri Bottas,19.0,18.440836
2023_R07,Oscar Piastri,13.0,13.39693
2023_R08,Max Verstappen,1.0,1.0
2023_R08,Logan Sargeant,20.0,19.473167
2023_R08,Lando Norris,13.0,11.443937
2023_R08,Pierre Gasly,12.0,11.264912
2023_R08,Sergio Perez,6.0,4.9689894
2023_R08,Fernando Alonso,2.0,1.9286215
2023_R08,Charles Leclerc,4.0,6.2688503
2023_R08,Lance Stroll,9.0,8.031723
2023_R08,Kevin Magnussen,17.0,16.802216
2023_R08,Nyck De Vries,18.0,17.539738
2023_R08,Yuki Tsunoda,14.0,13.848976
2023_R08,Alexander Albon,7.0,7.4950166
2023_R08,Guanyu Zhou,16.0,15.868699
2023_R08,Nico Hulkenberg,15.0,12.844407
2023_R08,Esteban Ocon,8.0,7.8081822
2023_R08,Lewis Hamilton,3.0,2.8079703
2023_R08,Carlos Sainz,5.0,5.986923
2023_R08,George Russell,19.0,20.0
2023_R08,Valtteri Bottas,10.0,10.806231
2023_R08,Oscar Piastri,11.0,11.5337515
2023_R09,Max Verstappen,1.0,1.0
2023_R09,Logan Sargeant,13.0,12.861574
2023_R09,Lando Norris,4.0,4.582204
2023_R09,Pierre Gasly,10.0,9.931979
2023_R09,Sergio Perez,3.0,3.50197
2023_R09,Fernando Alonso,5.0,4.586642
2023_R09,Charles Leclerc,2.0,1.999611
2023_R09,Lance Stroll,9.0,9.515303
2023_R09,Kevin Magnussen,18.0,17.308012
2023_R09,Nyck De Vries,17.0,17.068579
2023_R09,Yuki Tsunoda,19.0,18.442575
2023_R09,Alexander Albon,11.0,10.82858
2023_R09,Guanyu Zhou,12.0,12.259604
2023_R09,Nico Hulkenberg,20.0,18.585213
2023_R09,Esteban Ocon,14.0,12.517632
2023_R09,Lewis Hamilton,8.0,6.9056587
2023_R09,Carlos Sainz,6.0,5.5742826
2023_R09,George Russell,7.0,6.1673226
2023_R09,Valtteri Bottas,15.0,15.092515
2023_R09,Oscar Piastri,16.0,16.115103
2023_R10,Max Verstappen,1.0,2.0001771
2023_R10,Logan Sargeant,11.0,10.438908
2023_R10,Lando Norris,2.0,3.462524
2023_R10,Pierre Gasly,18.0,18.31447
2023_R10,Sergio Perez,6.0,4.5326805
2023_R10,Fernando Alonso,7.0,5.090605
2023_R10,Charles Leclerc,9.0,7.87528
2023_R10,Lance Stroll,14.0,13.825427
2023_R10,Kevin Magnussen,19.0,19.501825
2023_R10,Nyck De Vries,17.0,17.230516
2023_R10,Yuki Tsunoda,16.0,16.278564
2023_R10,Alexander Albon,8.0,8.456328
2023_R10,Guanyu Zhou,15.0,14.879421
2023_R10,Nico Hulkenberg,13.0,13.832197
2023_R10,Esteban Ocon,20.0,20.0
2023_R10,Lewis Hamilton,3.0,3.1491485
2023_R10,Carlos Sainz,10.0,10.602978
2023_R10,George Russell,5.0,4.492622
2023_R10,Valtteri Bottas,12.0,10.421347
2023_R10,Oscar Piastri,4.0,6.0913105
2023_R11,Max Verstappen,1.0,1.272283
2023_R11,Logan Sargeant,18.0,17.640972
2023_R11,Daniel Ricciardo,13.0,12.402755
2023_R11,Lando Norris,2.0,2.1749089
2023_R11,Pierre Gasly,20.0,19.872026
2023_R11,Sergio Perez,3.0,3.4936695
2023_R11,Fernando Alonso,9.0,7.9597187
2023_R11,Charles Leclerc,7.0,6.449687
2023_R11,Lance Stroll,10.0,10.7411785
2023_R11,Kevin Magnussen,17.0,16.855257
2023_R11,Yuki Tsunoda,15.0,14.971927
2023_R11,Alexander Albon,11.0,10.637017
2023_R11,Guanyu Zhou,16.0,16.66935
2023_R11,Nico Hulkenberg,14.0,14.594599
2023_R11,Esteban Ocon,19.0,20.0
2023_R11,Lewis Hamilton,4.0,4.6971374
2023_R11,Carlos Sainz,8.0,8.220924
2023_R11,George Russell,6.0,4.5265317
2023_R11,Valtteri Bottas,12.0,11.891154
2023_R11,Oscar Piastri,5.0,5.8539696
2023_R12,Max Verstappen,1.0,2.0573046
2023_R12,Logan Sargeant,17.0,17.084711
2023_R12,Daniel Ricciardo,16.0,15.449622
2023_R12,Lando Norris,7.0,6.523242
2023_R12,Pierre Gasly,11.0,11.229622
2023_R12,Sergio Perez,2.0,1.9293115
2023_R12,Fernando Alonso,5.0,4.218342
2023_R12,Charles Leclerc,3.0,3.0307078
2023_R12,Lance Stroll,9.0,8.540822
2023_R12,Kevin Magnussen,15.0,15.900781
2023_R12,Yuki Tsunoda,10.0,10.671359
2023_R12,Alexander Albon,14.0,14.274353
2023_R12,Guanyu Zhou,13.0,13.030284
2023_R12,Nico Hulkenberg,18.0,18.053596
2023_R12,Esteban Ocon,8.0,7.6796627
2023_R12,Lewis Hamilton,4.0,4.1620026
2023_R12,Carlos Sainz,19.0,17.463295
2023_R12,George Russell,6.0,6.42069
2023_R12,Valtteri Bottas,12.0,12.194985
2023_R12,Oscar Piastri,20.0,18.828485
2023_R13,Max Verstappen,1.0,1.2576687
2023_R13,Logan Sargeant,20.0,19.568216
2023_R13,Lando Norris,7.0,6.2923265
2023_R13,Pierre Gasly,3.0,6.6433783
2023_R13,Sergio Perez,4.0,4.8179026
2023_R13,Fernando Alonso,2.0,3.7118847
2023_R13,Charles Leclerc,19.0,16.725346
2023_R13,Lance Stroll,11.0,11.135085
2023_R13,Kevin Magnussen,16.0,12.318523
2023_R13,Yuki Tsunoda,15.0,15.204805
2023_R13,Alexander Albon,8.0,7.8639355
2023_R13,Guanyu Zhou,18.0,17.687368
2023_R13,Nico Hulkenberg,12.0,13.205838
2023_R13,Esteban Ocon,10.0,9.80995
2023_R13,Liam Lawson,13.0,13.704694
2023_R13,Lewis Hamilton,6.0,5.76816
2023_R13,Carlos Sainz,5.0,5.783021
2023_R13,George Russell,17.0,12.028366
2023_R13,Valtteri Bottas,14.0,14.220839
2023_R13,Oscar Piastri,9.0,8.096777
2023_R14,Max Verstappen,1.0,1.0
2023_R14,Logan Sargeant,13.0,12.654309
2023_R14,Lando Norris,8.0,6.6600637
2023_R14,Pierre Gasly,15.0,14.889702
2023_R14,Sergio Perez,2.0,2.0820186
2023_R14,Fernando Alonso,9.0,7.076539
2023_R14,Charles Leclerc,4.0,4.0298214
2023_R14,Lance Stroll,16.0,15.641451
2023_R14,Kevin Magnussen,18.0,17.422174
2023_R14,Yuki Tsunoda,20.0,20.0
2023_R14,Alexander Albon,7.0,7.258701
2023_R14,Guanyu Zhou,14.0,14.152285
2023_R14,Nico Hulkenberg,17.0,17.19899
2023_R14,Esteban Ocon,19.0,17.803493
2023_R14,Liam Lawson,11.0,11.42418
2023_R14,Lewis Hamilton,6.0,6.013634
2023_R14,Carlos Sainz,3.0,4.739434
2023_R14,George Russell,5.0,5.7021346
2023_R14,Valtteri Bottas,10.0,10.041358
2023_R14,Oscar Piastri,12.0,11.533514
2023_R15,Max Verstappen,5.0,3.3555899
2023_R15,Logan Sargeant,14.0,13.947391
2023_R15,Lando Norris,2.0,2.0035489
2023_R15,Pierre Gasly,6.0,7.231013
2023_R15,Sergio Perez,8.0,5.423282
2023_R15,Fernando Alonso,15.0,14.77166
2023_R15,Charles Leclerc,4.0,4.0521865
2023_R15,Lance Stroll,21.0,19.132212
2023_R15,Kevin Magnussen,10.0,9.926486
2023_R15,Yuki Tsunoda,19.0,19.439672
2023_R15,Alexander Albon,11.0,10.864012
2023_R15,Guanyu Zhou,12.0,12.153573
2023_R15,Nico Hulkenberg,13.0,14.325748
2023_R15,Esteban Ocon,18.0,18.220013
2023_R15,Liam Lawson,9.0,9.10079
2023_R15,Lewis Hamilton,3.0,2.8852975
2023_R15,Carlos Sainz,1.0,1.9920021
2023_R15,George Russell,16.0,17.124046
2023_R15,Valtteri Bottas,17.0,17.429459
2023_R15,Oscar Piastri,7.0,7.4516435
2023_R16,Max Verstappen,1.0,1.0
2023_R16,Logan Sargeant,17.0,17.095901
2023_R16,Lando Norris,2.0,2.1361742
2023_R16,Pierre Gasly,10.0,9.723281
2023_R16,Sergio Perez,19.0,14.326458
2023_R16,Fernando Alonso,8.0,8.244296
2023_R16,Charles Leclerc,4.0,4.173646
2023_R16,Lance Stroll,18.0,18.2869
2023_R16,Kevin Magnussen,15.0,14.697935
2023_R16,Yuki Tsunoda,12.0,11.816858
2023_R16,Alexander Albon,16.0,15.653709
2023_R16,Guanyu Zhou,13.0,12.822707
2023_R16,Nico Hulkenberg,14.0,13.910646
2023_R16,Esteban Ocon,9.0,9.9832115
2023_R16,Liam Lawson,11.0,11.128172
2023_R16,Lewis Hamilton,5.0,4.6731577
2023_R16,Carlos Sainz,6.0,6.1190834
2023_R16,George Russell,7.0,7.549395
2023_R16,Valtteri Bottas,20.0,18.509325
2023_R16,Oscar Piastri,3.0,4.8531055
2023_R17,Max Verstappen,1.0,1.0146506
2023_R17,Logan Sargeant,18.0,17.25944
2023_R17,Lando Norris,3.0,4.5225577
2023_R17,Pierre Gasly,12.0,11.317239
2023_R17,Sergio Perez,10.0,8.865207
2023_R17,Fernando Alonso,6.0,6.132008
2023_R17,Charles Leclerc,5.0,5.22779
2023_R17,Lance Stroll,11.0,10.41904
2023_R17,Kevin Magnussen,14.0,13.529458
2023_R17,Yuki Tsunoda,15.0,15.904005
2023_R17,Alexander Albon,13.0,13.246544
2023_R17,Guanyu Zhou,9.0,9.472351
2023_R17,Nico Hulkenberg,16.0,15.601718
2023_R17,Esteban Ocon,7.0,7.774026
2023_R17,Liam Lawson,17.0,16.495703
2023_R17,Lewis Hamilton,19.0,19.01753
2023_R17,Carlos Sainz,20.0,18.816383
2023_R17,George Russell,4.0,4.1344852
2023_R17,Valtteri Bottas,8.0,8.843977
2023_R17,Oscar Piastri,2.0,3.5354717
2023_R18,Max Verstappen,1.0,1.395692
2023_R18,Logan Sargeant,10.0,10.406534
2023_R18,Daniel Ricciardo,15.0,15.379337
2023_R18,Lando Norris,2.0,2.0251374
2023_R18,Pierre Gasly,6.0,6.019487
2023_R18,Sergio Perez,4.0,4.1308284
2023_R18,Fernando Alonso,16.0,14.162871
2023_R18,Charles Leclerc,20.0,18.392044
2023_R18,Lance Stroll,7.0,8.826423
2023_R18,Kevin Magnussen,14.0,13.698277
2023_R18,Yuki Tsunoda,8.0,9.157238
2023_R18,Alexander Albon,9.0,9.449243
2023_R18,Guanyu Zhou,13.0,12.756309
2023_R18,Nico Hulkenberg,11.0,11.423264
2023_R18,Esteban Ocon,18.0,19.307005
2023_R18,Lewis Hamilton,19.0,17.138393
2023_R18,Carlos Sainz,3.0,3.328762
2023_R18,George Russell,5.0,4.8599157
2023_R18,Valtteri Bottas,12.0,12.330412
2023_R18,Oscar Piastri,17.0,18.871824
2023_R19,Max Verstappen,1.0,1.0
2023_R19,Logan Sargeant,16.0,15.968393
2023_R19,Daniel Ricciardo,7.0,8.778478
2023_R19,Lando Norris,5.0,3.19172
2023_R19,Pierre Gasly,11.0,10.707136
2023_R19,Sergio Perez,20.0,19.56302
2023_R19,Fernando Alonso,18.0,16.404728
2023_R19,Charles Leclerc,3.0,3.1183555
2023_R19,Lance Stroll,17.0,16.863203
2023_R19,Kevin Magnussen,19.0,18.723007
2023_R19,Yuki Tsunoda,12.0,11.925707
2023_R19,Alexander Albon,9.0,9.356697
2023_R19,Guanyu Zhou,14.0,13.803751
2023_R19,Nico Hulkenberg,13.0,13.069215
2023_R19,Esteban Ocon,10.0,10.308833
2023_R19,Lewis Hamilton,2.0,2.5367663
2023_R19,Carlos Sainz,4.0,3.9787664
2023_R19,George Russell,6.0,6.5984483
2023_R19,Valtteri Bottas,15.0,14.519361
2023_R19,Oscar Piastri,8.0,7.5237536
2023_R20,Max Verstappen,1.0,1.419112
2023_R20,Logan Sargeant,11.0,11.26802
2023_R20,Daniel Ricciardo,13.0,13.521486
2023_R20,Lando Norris,2.0,2.1912503
2023_R20,Pierre Gasly,7.0,8.726005
2023_R20,Sergio Perez,4.0,6.3687925
2023_R20,Fernando Alonso,3.0,4.783963
2023_R20,Charles Leclerc,20.0,19.665764
2023_R20,Lance Stroll,5.0,6.4905596
2023_R20,Kevin Magnussen,18.0,18.56618
2023_R20,Yuki Tsunoda,9.0,9.578849
2023_R20,Alexander Albon,19.0,19.635866
2023_R20,Guanyu Zhou,17.0,16.950323
2023_R20,Nico Hulkenberg,12.0,11.387336
2023_R20,Esteban Ocon,10.0,10.87292
2023_R20,Lewis Hamilton,8.0,7.6675186
2023_R20,Carlos Sainz,6.0,6.184099
2023_R20,George Russell,15.0,13.409681
2023_R20,Valtteri Bottas,16.0,16.084444
2023_R20,Oscar Piastri,14.0,11.881923
2023_R21,Max Verstappen,1.0,1.4656754
2023_R21,Logan Sargeant,16.0,16.864796
2023_R21,Daniel Ricciardo,14.0,13.480067
2023_R21,Lando Norris,20.0,17.81485
2023_R21,Pierre Gasly,11.0,14.706209
2023_R21,Sergio Perez,3.0,4.6927605
2023_R21,Fernando Alonso,9.0,8.767802
2023_R21,Charles Leclerc,2.0,2.377322
2023_R21,Lance Stroll,5.0,7.6418824
2023_R21,Kevin Magnussen,13.0,13.165171
2023_R21,Yuki Tsunoda,18.0,18.033419
2023_R21,Alexander Albon,12.0,15.272357
2023_R21,Guanyu Zhou,15.0,14.650961
2023_R21,Nico Hulkenberg,19.0,17.54868
2023_R21,Esteban Ocon,4.0,7.011649
2023_R21,Lewis Hamilton,7.0,6.677042
2023_R21,Carlos Sainz,6.0,5.5441236
2023_R21,George Russell,8.0,8.463914
2023_R21,Valtteri Bottas,17.0,17.062119
2023_R21,Oscar Piastri,10.0,8.355194
2023_R22,Max Verstappen,1.0,1.0606083
2023_R22,Logan Sargeant,16.0,16.12883
2023_R22,Daniel Ricciardo,11.0,10.924737
2023_R22,Lando Norris,5.0,5.202046
2023_R22,Pierre Gasly,13.0,13.071453
2023_R22,Sergio Perez,4.0,3.9707856
2023_R22,Fernando Alonso,7.0,6.4705443
2023_R22,Charles Leclerc,2.0,2.1565428
2023_R22,Lance Stroll,10.0,9.686099
2023_R22,Kevin Magnussen,20.0,18.803938
2023_R22,Yuki Tsunoda,8.0,9.246083
2023_R22,Alexander Albon,14.0,13.390862
2023_R22,Guanyu Zhou,17.0,17.217842
2023_R22,Nico Hulkenberg,15.0,14.590854
2023_R22,Esteban Ocon,12.0,11.384615
2023_R22,Lewis Hamilton,9.0,9.074271
2023_R22,Carlos Sainz,18.0,15.195963
2023_R22,George Russell,3.0,3.0922647
2023_R22,Valtteri Bottas,19.0,18.37699
2023_R22,Oscar Piastri,6.0,6.367059
2024_R01,Max Verstappen,1.0,1.0
2024_R01,Logan Sargeant,20.0,18.602316
2024_R01,Daniel Ricciardo,13.0,12.118334
2024_R01,Lando Norris,6.0,6.076926
2024_R01,Pierre Gasly,18.0,16.46132
2024_R01,Sergio Perez,2.0,2.2303872
2024_R01,Fernando Alonso,9.0,7.9653506
2024_R01,Charles Leclerc,4.0,4.1047664
2024_R01,Lance Stroll,10.0,10.183894
2024_R01,Kevin Magnussen,12.0,11.842451
2024_R01,Yuki Tsunoda,14.0,14.278759
2024_R01,Alexander Albon,15.0,15.581113
2024_R01,Guanyu Zhou,11.0,10.84019
2024_R01,Nico Hulkenberg,16.0,15.72675
2024_R01,Esteban Ocon,17.0,15.898717
2024_R01,Lewis Hamilton,7.0,7.713209
2024_R01,Carlos Sainz,3.0,3.108944
2024_R01,George Russell,5.0,5.1013827
2024_R01,Valtteri Bottas,19.0,18.594835
2024_R01,Oscar Piastri,8.0,8.405746
2024_R02,Max Verstappen,1.0,1.0
2024_R02,Logan Sargeant,14.0,13.906264
2024_R02,Daniel Ricciardo,16.0,16.010191
2024_R02,Lando Norris,8.0,7.5229874
2024_R02,Pierre Gasly,20.0,20.0
2024_R02,Sergio Perez,2.0,1.9122657
2024_R02,Fernando Alonso,5.0,5.253748
2024_R02,Charles Leclerc,3.0,3.1776733
2024_R02,Lance Stroll,19.0,19.84346
2024_R02,Kevin Magnussen,12.0,11.960971
2024_R02,Yuki Tsunoda,15.0,15.63644
2024_R02,Alexander Albon,11.0,10.821948
2024_R02,Guanyu Zhou,18.0,17.130327
2024_R02,Nico Hulkenberg,10.0,10.426736
2024_R02,Esteban Ocon,13.0,13.012084
2024_R02,Oliver Bearman,7.0,7.4253025
2024_R02,Lewis Hamilton,9.0,8.624866
2024_R02,George Russell,6.0,5.751988
2024_R02,Valtteri Bottas,17.0,17.082806
2024_R02,Oscar Piastri,4.0,3.924227
2024_R03,Max Verstappen,19.0,19.603544
2024_R03,Daniel Ricciardo,12.0,12.233946
2024_R03,Lando Norris,3.0,2.5251834
2024_R03,Pierre Gasly,13.0,12.8607855
2024_R03,Sergio Perez,5.0,4.8873534
2024_R03,Fernando Alonso,8.0,7.499844
2024_R03,Charles Leclerc,2.0,2.1290145
2024_R03,Lance Stroll,6.0,5.9257746
2024_R03,Kevin Magnussen,10.0,9.911671
2024_R03,Yuki Tsunoda,7.0,7.169707
2024_R03,Alexander Albon,11.0,11.220285
2024_R03,Guanyu Zhou,15.0,15.593037
2024_R03,Nico Hulkenberg,9.0,9.433218
2024_R03,Esteban Ocon,16.0,15.634307
2024_R03,Lewis Hamilton,18.0,18.75611
2024_R03,Carlos Sainz,1.0,1.7098317
2024_R03,George Russell,17.0,16.820683
2024_R03,Valtteri Bottas,14.0,13.930618
2024_R03,Oscar Piastri,4.0,4.3521624
2024_R04,Max Verstappen,1.0,1.3021829
2024_R04,Logan Sargeant,17.0,17.026695
2024_R04,Daniel Ricciardo,19.0,19.064623
2024_R04,Lando Norris,5.0,5.0786247
2024_R04,Pierre Gasly,16.0,15.338093
2024_R04,Sergio Perez,2.0,2.0763228
2024_R04,Fernando Alonso,6.0,6.288315
2024_R04,Charles Leclerc,4.0,3.8504078
2024_R04,Lance Stroll,12.0,12.1151085
2024_R04,Kevin Magnussen,13.0,12.669019
2024_R04,Yuki Tsunoda,10.0,10.450362
2024_R04,Alexander Albon,20.0,18.9564
2024_R04,Guanyu Zhou,18.0,17.424707
2024_R04,Nico Hulkenberg,11.0,11.387679
2024_R04,Esteban Ocon,15.0,14.968163
2024_R04,Lewis Hamilton,9.0,9.475407
2024_R04,Carlos Sainz,3.0,3.0163045
2024_R04,George Russell,7.0,7.1094313
2024_R04,Valtteri Bottas,14.0,13.787078
2024_R04,Oscar Piastri,8.0,7.654105
2024_R05,Max Verstappen,1.0,1.1753312
2024_R05,Logan Sargeant,17.0,16.472015
2024_R05,Daniel Ricciardo,18.0,17.642174
2024_R05,Lando Norris,2.0,2.028419
2024_R05,Pierre Gasly,13.0,13.310093
2024_R05,Sergio Perez,3.0,2.7327435
2024_R05,Fernando Alonso,7.0,7.092859
2024_R05,Charles Leclerc,4.0,3.239261
2024_R05,Lance Stroll,15.0,14.668319
2024_R05,Kevin Magnussen,16.0,15.6210785
2024_R05,Yuki Tsunoda,19.0,18.275934
2024_R05,Alexander Albon,12.0,12.03312
2024_R05,Guanyu Zhou,14.0,14.563992
2024_R05,Nico Hulkenberg,10.0,10.248536
2024_R05,Esteban Ocon,11.0,11.105904
2024_R05,Lewis Hamilton,9.0,8.374151
2024_R05,Carlos Sainz,5.0,4.6084514
2024_R05,George Russell,6.0,6.4873304
2024_R05,Valtteri Bottas,20.0,18.668463
2024_R05,Oscar Piastri,8.0,8.094881
2024_R06,Max Verstappen,2.0,2.301246
2024_R06,Logan Sargeant,20.0,19.10328
2024_R06,Daniel Ricciardo,15.0,13.849526
2024_R06,Lando Norris,1.0,2.1675377
2024_R06,Pierre Gasly,12.0,12.252966
2024_R06,Sergio Perez,4.0,3.7612298
2024_R06,Fernando Alonso,9.0,9.398838
2024_R06,Charles Leclerc,3.0,3.055984
2024_R06,Lance Stroll,17.0,16.531832
2024_R06,Kevin Magnussen,19.0,18.433247
2024_R06,Yuki Tsunoda,7.0,6.5900226
2024_R06,Alexander Albon,18.0,17.643744
2024_R06,Guanyu Zhou,14.0,13.750645
2024_R06,Nico Hulkenberg,11.0,10.828108
2024_R06,Esteban Ocon,10.0,10.424709
2024_R06,Lewis Hamilton,6.0,6.500403
2024_R06,Carlos Sainz,5.0,5.268405
2024_R06,George Russell,8.0,7.707134
2024_R06,Valtteri Bottas,16.0,16.291906
2024_R06,Oscar Piastri,13.0,12.390571
2024_R07,Max Verstappen,1.0,2.795623
2024_R07,Logan Sargeant,17.0,16.962614
2024_R07,Daniel Ricciardo,13.0,13.6070175
2024_R07,Lando Norris,2.0,3.5501637
2024_R07,Pierre Gasly,16.0,15.6346035
2024_R07,Sergio Perez,8.0,6.921187
2024_R07,Fernando Alonso,19.0,16.41336
2024_R07,Charles Leclerc,3.0,4.185608
2024_R07,Lance Stroll,9.0,8.94799
2024_R07,Kevin Magnussen,12.0,12.488297
2024_R07,Yuki Tsunoda,10.0,12.166577
2024_R07,Alexander Albon,20.0,18.260138
2024_R07,Guanyu Zhou,15.0,14.94469
2024_R07,Nico Hulkenberg,11.0,11.038544
2024_R07,Esteban Ocon,14.0,14.013386
2024_R07,Lewis Hamilton,6.0,6.4973598
2024_R07,Carlos Sainz,5.0,6.538442
2024_R07,George Russell,7.0,7.143316
2024_R07,Valtteri Bottas,18.0,18.274208
2024_R07,Oscar Piastri,4.0,5.6604056
2024_R08,Max Verstappen,6.0,5.6233
2024_R08,Logan Sargeant,15.0,14.988823
2024_R08,Daniel Ricciardo,12.0,12.218979
2024_R08,Lando Norris,4.0,3.841986
2024_R08,Pierre Gasly,10.0,10.509632
2024_R08,Sergio Perez,18.0,17.364708
2024_R08,Fernando Alonso,11.0,10.394437
2024_R08,Charles Leclerc,1.0,1.5222073
2024_R08,Lance Stroll,14.0,14.378296
2024_R08,Kevin Magnussen,20.0,20.0
2024_R08,Yuki Tsunoda,8.0,8.414223
2024_R08,Alexander Albon,9.0,10.166887
2024_R08,Guanyu Zhou,16.0,15.540785
2024_R08,Nico Hulkenberg,19.0,19.296661
2024_R08,Esteban Ocon,17.0,18.735056
2024_R08,Lewis Hamilton,7.0,7.4307427
2024_R08,Carlos Sainz,3.0,2.660239
2024_R08,George Russell,5.0,5.2865314
2024_R08,Valtteri Bottas,13.0,13.187188
2024_R08,Oscar Piastri,2.0,2.2714593
2024_R09,Max Verstappen,1.0,1.0210526
2024_R09,Logan Sargeant,20.0,19.172407
2024_R09,Daniel Ricciardo,8.0,9.553813
2024_R09,Lando Norris,2.0,1.7939146
2024_R09,Pierre Gasly,9.0,9.373716
2024_R09,Sergio Perez,18.0,16.55383
2024_R09,Fernando Alonso,6.0,6.803727
2024_R09,Charles Leclerc,19.0,16.03225
2024_R09,Lance Stroll,7.0,7.412794
2024_R09,Kevin Magnussen,12.0,12.270184
2024_R09,Yuki Tsunoda,14.0,14.937208
2024_R09,Alexander Albon,17.0,17.260187
2024_R09,Guanyu Zhou,15.0,14.968296
2024_R09,Nico Hulkenberg,11.0,10.944841
2024_R09,Esteban Ocon,10.0,10.034422
2024_R09,Lewis Hamilton,4.0,4.8559976
2024_R09,Carlos Sainz,16.0,14.147611
2024_R09,George Russell,3.0,3.023835
2024_R09,Valtteri Bottas,13.0,12.792617
2024_R09,Oscar Piastri,5.0,5.148262
2024_R10,Max Verstappen,1.0,1.1177834
2024_R10,Logan Sargeant,20.0,19.068005
2024_R10,Daniel Ricciardo,15.0,14.67941
2024_R10,Lando Norris,2.0,1.9302193
2024_R10,Pierre Gasly,9.0,9.076085
2024_R10,Sergio Perez,8.0,7.8103294
2024_R10,Fernando Alonso,12.0,11.273296
2024_R10,Charles Leclerc,5.0,5.1363916
2024_R10,Lance Stroll,14.0,13.612155
2024_R10,Kevin Magnussen,17.0,17.199091
2024_R10,Yuki Tsunoda,19.0,18.572548
2024_R10,Alexander Albon,18.0,18.009798
2024_R10,Guanyu Zhou,13.0,12.863798
2024_R10,Nico Hulkenberg,11.0,11.221011
2024_R10,Esteban Ocon,10.0,10.422316
2024_R10,Lewis Hamilton,3.0,2.761519
2024_R10,Carlos Sainz,6.0,6.069644
2024_R10,George Russell,4.0,4.261833
2024_R10,Valtteri Bottas,16.0,15.687676
2024_R10,Oscar Piastri,7.0,6.7374616
2024_R11,Max Verstappen,5.0,6.416633
2024_R11,Logan Sargeant,19.0,18.73218
2024_R11,Daniel Ricciardo,9.0,9.207332
2024_R11,Lando Norris,20.0,18.287167
2024_R11,Pierre Gasly,10.0,10.535009
2024_R11,Sergio Perez,7.0,7.352236
2024_R11,Fernando Alonso,18.0,17.859076
2024_R11,Charles Leclerc,11.0,8.845099
2024_R11,Lance Stroll,13.0,13.102684
2024_R11,Kevin Magnussen,8.0,9.13349
2024_R11,Yuki Tsunoda,14.0,13.842494
2024_R11,Alexander Albon,15.0,15.191013
2024_R11,Guanyu Zhou,17.0,17.030596
2024_R11,Nico Hulkenberg,6.0,6.260761
2024_R11,Esteban Ocon,12.0,11.448402
2024_R11,Lewis Hamilton,4.0,3.969468
2024_R11,Carlos Sainz,3.0,3.0198178
2024_R11,George Russell,1.0,1.8125116
2024_R11,Valtteri Bottas,16.0,15.942781
2024_R11,Oscar Piastri,2.0,2.6531453
2024_R12,Max Verstappen,2.0,1.9382423
2024_R12,Logan Sargeant,11.0,11.44737
2024_R12,Daniel Ricciardo,13.0,12.675536
2024_R12,Lando Norris,3.0,2.6208298
2024_R12,Pierre Gasly,20.0,19.08927
2024_R12,Sergio Perez,17.0,15.999082
2024_R12,Fernando Alonso,8.0,8.245164
2024_R12,Charles Leclerc,14.0,14.099253
2024_R12,Lance Stroll,7.0,7.5712376
2024_R12,Kevin Magnussen,12.0,12.19234
2024_R12,Yuki Tsunoda,10.0,10.027547
2024_R12,Alexander Albon,9.0,9.287024
2024_R12,Guanyu Zhou,18.0,17.551231
2024_R12,Nico Hulkenberg,6.0,6.368175
2024_R12,Esteban Ocon,16.0,15.669094
2024_R12,Lewis Hamilton,1.0,1.4894513
2024_R12,Carlos Sainz,5.0,5.0651994
2024_R12,George Russell,19.0,18.07477
2024_R12,Valtteri Bottas,15.0,14.969996
2024_R12,Oscar Piastri,4.0,3.9890385
2024_R13,Max Verstappen,5.0,5.2286572
2024_R13,Logan Sargeant,17.0,17.249046
2024_R13,Daniel Ricciardo,12.0,11.840767
2024_R13,Lando Norris,2.0,2.2282677
2024_R13,Pierre Gasly,20.0,19.15908
2024_R13,Sergio Perez,7.0,7.307357
2024_R13,Fernando Alonso,11.0,10.3753
2024_R13,Charles Leclerc,4.0,3.80262
2024_R13,Lance Stroll,10.0,10.061213
2024_R13,Kevin Magnussen,15.0,14.8658905
2024_R13,Yuki Tsunoda,9.0,8.926411
2024_R13,Alexander Albon,14.0,13.852913
2024_R13,Guanyu Zhou,19.0,18.708265
2024_R13,Nico Hulkenberg,13.0,12.5234165
2024_R13,Esteban Ocon,18.0,17.97892
2024_R13,Lewis Hamilton,3.0,3.5174584
2024_R13,Carlos Sainz,6.0,5.9674926
2024_R13,George Russell,8.0,6.916134
2024_R13,Valtteri Bottas,16.0,15.642559
2024_R13,Oscar Piastri,1.0,1.4758924
2024_R14,Max Verstappen,4.0,4.1788816
2024_R14,Logan Sargeant,17.0,17.078632
2024_R14,Daniel Ricciardo,10.0,10.263503
2024_R14,Lando Norris,5.0,4.9614162
2024_R14,Pierre Gasly,13.0,13.127657
2024_R14,Sergio Perez,7.0,8.842229
2024_R14,Fernando Alonso,8.0,8.741722
2024_R14,Charles Leclerc,3.0,3.1239803
2024_R14,Lance Stroll,11.0,11.449719
2024_R14,Kevin Magnussen,14.0,13.84331
2024_R14,Yuki Tsunoda,16.0,15.808789
2024_R14,Alexander Albon,12.0,11.946989
2024_R14,Guanyu Zhou,19.0,19.199812
2024_R14,Nico Hulkenberg,18.0,17.401934
2024_R14,Esteban Ocon,9.0,9.202225
2024_R14,Lewis Hamilton,1.0,1.3804666
2024_R14,Carlos Sainz,6.0,5.9343457
2024_R14,George Russell,20.0,18.559387
2024_R14,Valtteri Bottas,15.0,15.09929
2024_R14,Oscar Piastri,2.0,2.286842
2024_R15,Max Verstappen,2.0,4.3502736
2024_R15,Logan Sargeant,16.0,15.992126
2024_R15,Daniel Ricciardo,12.0,11.958039
2024_R15,Lando Norris,1.0,3.692053
2024_R15,Pierre Gasly,9.0,8.997241
2024_R15,Sergio Perez,6.0,8.042427
2024_R15,Fernando Alonso,10.0,11.111379
2024_R15,Charles Leclerc,3.0,4.808436
2024_R15,Lance Stroll,13.0,13.331511
2024_R15,Kevin Magnussen,18.0,17.852625
2024_R15,Yuki Tsunoda,17.0,16.904573
2024_R15,Alexander Albon,14.0,13.959104
2024_R15,Guanyu Zhou,20.0,19.307592
2024_R15,Nico Hulkenberg,11.0,11.019405
2024_R15,Esteban Ocon,15.0,15.219585
2024_R15,Lewis Hamilton,8.0,6.2935915
2024_R15,Carlos Sainz,5.0,5.034976
2024_R15,George Russell,7.0,6.2916865
2024_R15,Valtteri Bottas,19.0,18.959738
2024_R15,Oscar Piastri,4.0,6.541821
2024_R16,Max Verstappen,6.0,5.9336195
2024_R16,Daniel Ricciardo,13.0,13.111873
2024_R16,Lando Norris,3.0,3.3943272
2024_R16,Pierre Gasly,15.0,14.908233
2024_R16,Sergio Perez,8.0,7.847576
2024_R16,Fernando Alonso,11.0,10.93268
2024_R16,Charles Leclerc,1.0,1.8869035
2024_R16,Lance Stroll,19.0,18.82352
2024_R16,Kevin Magnussen,10.0,10.286918
2024_R16,Yuki Tsunoda,20.0,19.825077
2024_R16,Alexander Albon,9.0,9.096848
2024_R16,Guanyu Zhou,18.0,17.46407
2024_R16,Nico Hulkenberg,17.0,16.358406
2024_R16,Esteban Ocon,14.0,13.1162615
2024_R16,Franco Colapinto,12.0,11.9668
2024_R16,Lewis Hamilton,5.0,4.8289995
2024_R16,Carlos Sainz,4.0,3.8148186
2024_R16,George Russell,7.0,6.8964815
2024_R16,Valtteri Bottas,16.0,15.837624
2024_R16,Oscar Piastri,2.0,2.1600943
2024_R17,Max Verstappen,5.0,5.316783
2024_R17,Daniel Ricciardo,13.0,12.847013
2024_R17,Lando Norris,4.0,3.624461
2024_R17,Pierre Gasly,12.0,12.255174
2024_R17,Sergio Perez,17.0,18.262783
2024_R17,Fernando Alonso,6.0,6.039846
2024_R17,Charles Leclerc,2.0,2.0425558
2024_R17,Lance Stroll,19.0,18.465574
2024_R17,Yuki Tsunoda,20.0,19.067095
2024_R17,Alexander Albon,7.0,6.977626
2024_R17,Guanyu Zhou,14.0,14.052192
2024_R17,Nico Hulkenberg,11.0,10.956488
2024_R17,Esteban Ocon,15.0,14.947587
2024_R17,Franco Colapinto,8.0,8.464082
2024_R17,Lewis Hamilton,9.0,7.805447
2024_R17,Oliver Bearman,10.0,9.940482
2024_R17,Carlos Sainz,18.0,19.52345
2024_R17,George Russell,3.0,3.5870318
2024_R17,Valtteri Bottas,16.0,15.969003
2024_R17,Oscar Piastri,1.0,1.1710731
2024_R18,Max Verstappen,2.0,1.9261205
2024_R18,Daniel Ricciardo,18.0,18.276508
2024_R18,Lando Norris,1.0,1.1009228
2024_R18,Pierre Gasly,17.0,16.163176
2024_R18,Sergio Perez,10.0,9.931511
2024_R18,Fernando Alonso,8.0,7.7781234
2024_R18,Charles Leclerc,5.0,4.1261473
2024_R18,Lance Stroll,14.0,13.69608
2024_R18,Kevin Magnussen,19.0,18.514992
2024_R18,Yuki Tsunoda,12.0,12.929825
2024_R18,Alexander Albon,20.0,19.373219
2024_R18,Guanyu Zhou,15.0,15.078727
2024_R18,Nico Hulkenberg,9.0,8.909562
2024_R18,Esteban Ocon,13.0,12.990763
2024_R18,Franco Colapinto,11.0,10.874617
2024_R18,Lewis Hamilton,6.0,6.1723976
2024_R18,Carlos Sainz,7.0,6.3584285
2024_R18,George Russell,4.0,4.030171
2024_R18,Valtteri Bottas,16.0,15.796515
2024_R18,Oscar Piastri,3.0,3.1687913
2024_R19,Max Verstappen,3.0,2.9072104
2024_R19,Lando Norris,4.0,4.296627
2024_R19,Pierre Gasly,12.0,12.88896
2024_R19,Sergio Perez,7.0,7.1575427
2024_R19,Fernando Alonso,13.0,13.081586
2024_R19,Charles Leclerc,1.0,1.5030754
2024_R19,Lance Stroll,15.0,15.282822
2024_R19,Kevin Magnussen,11.0,11.14589
2024_R19,Yuki Tsunoda,14.0,14.274461
2024_R19,Alexander Albon,16.0,16.26825
2024_R19,Guanyu Zhou,19.0,18.931414
2024_R19,Nico Hulkenberg,8.0,8.449412
2024_R19,Liam Lawson,9.0,9.41185
2024_R19,Esteban Ocon,18.0,17.070282
2024_R19,Franco Colapinto,10.0,10.118852
2024_R19,Lewis Hamilton,20.0,18.322477
2024_R19,Carlos Sainz,2.0,2.021146
2024_R19,George Russell,6.0,6.008639
2024_R19,Valtteri Bottas,17.0,17.362219
2024_R19,Oscar Piastri,5.0,4.7276263
2024_R20,Max Verstappen,6.0,7.126921
2024_R20,Lando Norris,2.0,1.8495802
2024_R20,Pierre Gasly,10.0,10.500294
2024_R20,Sergio Perez,17.0,16.321968
2024_R20,Fernando Alonso,18.0,18.79362
2024_R20,Charles Leclerc,3.0,2.9433005
2024_R20,Lance Stroll,11.0,10.96956
2024_R20,Kevin Magnussen,7.0,7.4938765
2024_R20,Yuki Tsunoda,20.0,19.674816
2024_R20,Alexander Albon,19.0,18.289675
2024_R20,Guanyu Zhou,15.0,14.866282
2024_R20,Nico Hulkenberg,9.0,9.299517
2024_R20,Liam Lawson,16.0,15.892184
2024_R20,Esteban Ocon,13.0,13.442617
2024_R20,Franco Colapinto,12.0,11.785984
2024_R20,Lewis Hamilton,4.0,3.8954883
2024_R20,Carlos Sainz,1.0,1.2739357
2024_R20,George Russell,5.0,5.1717496
2024_R20,Valtteri Bottas,14.0,13.546476
2024_R20,Oscar Piastri,8.0,7.0949044
2024_R21,Max Verstappen,1.0,6.4866524
2024_R21,Lando Norris,6.0,8.547195
2024_R21,Pierre Gasly,3.0,6.0325794
2024_R21,Sergio Perez,11.0,11.274752
2024_R21,Fernando Alonso,14.0,13.824388
2024_R21,Charles Leclerc,5.0,6.2807593
2024_R21,Lance Stroll,19.0,19.419537
2024_R21,Yuki Tsunoda,7.0,7.704919
2024_R21,Alexander Albon,18.0,16.574736
2024_R21,Guanyu Zhou,15.0,14.592655
2024_R21,Nico Hulkenberg,20.0,19.313324
2024_R21,Liam Lawson,9.0,8.435745
2024_R21,Esteban Ocon,2.0,2.9817936
2024_R21,Franco Colapinto,17.0,17.618572
2024_R21,Lewis Hamilton,10.0,10.284119
2024_R21,Oliver Bearman,12.0,12.112459
2024_R21,Carlos Sainz,16.0,15.155593
2024_R21,George Russell,4.0,5.894024
2024_R21,Valtteri Bottas,13.0,13.214853
2024_R21,Oscar Piastri,8.0,8.987804
2024_R22,Max Verstappen,5.0,5.5320444
2024_R22,Lando Norris,6.0,6.4739037
2024_R22,Pierre Gasly,20.0,18.304571
2024_R22,Sergio Perez,10.0,9.755628
2024_R22,Fernando Alonso,11.0,10.713575
2024_R22,Charles Leclerc,4.0,4.2086277
2024_R22,Lance Stroll,15.0,15.182982
2024_R22,Kevin Magnussen,12.0,11.257566
2024_R22,Yuki Tsunoda,9.0,9.563023
2024_R22,Alexander Albon,19.0,18.824368
2024_R22,Guanyu Zhou,13.0,13.153291
2024_R22,Nico Hulkenberg,8.0,7.563946
2024_R22,Liam Lawson,16.0,15.856434
2024_R22,Esteban Ocon,17.0,17.192965
2024_R22,Franco Colapinto,14.0,14.058872
2024_R22,Lewis Hamilton,2.0,3.1440873
2024_R22,Carlos Sainz,3.0,3.049799
2024_R22,George Russell,1.0,1.5477855
2024_R22,Valtteri Bottas,18.0,17.707973
2024_R22,Oscar Piastri,7.0,7.5386763
2024_R23,Max Verstappen,1.0,1.3047161
2024_R23,Lando Norris,10.0,9.1151495
2024_R23,Pierre Gasly,5.0,5.8280573
2024_R23,Sergio Perez,17.0,16.784414
2024_R23,Fernando Alonso,7.0,7.3263845
2024_R23,Charles Leclerc,2.0,2.108124
2024_R23,Lance Stroll,18.0,17.849823
2024_R23,Kevin Magnussen,9.0,9.595028
2024_R23,Yuki Tsunoda,13.0,12.8296585
2024_R23,Alexander Albon,15.0,15.504488
2024_R23,Guanyu Zhou,8.0,8.364004
2024_R23,Nico Hulkenberg,16.0,16.000885
2024_R23,Liam Lawson,14.0,14.252683
2024_R23,Esteban Ocon,20.0,19.676609
2024_R23,Franco Colapinto,19.0,19.114841
2024_R23,Lewis Hamilton,12.0,11.991585
2024_R23,Carlos Sainz,6.0,6.007696
2024_R23,George Russell,4.0,3.66989
2024_R23,Valtteri Bottas,11.0,11.3866825
2024_R23,Oscar Piastri,3.0,3.2015593
2024_R24,Max Verstappen,6.0,5.9213123
2024_R24,Lando Norris,1.0,1.2119886
2024_R24,Pierre Gasly,7.0,6.684829
2024_R24,Sergio Perez,20.0,19.546055
2024_R24,Fernando Alonso,9.0,9.264673
2024_R24,Charles Leclerc,3.0,3.051574
2024_R24,Lance Stroll,14.0,13.985382
2024_R24,Kevin Magnussen,16.0,15.591331
2024_R24,Yuki Tsunoda,12.0,12.177753
2024_R24,Alexander Albon,11.0,10.7505665
2024_R24,Guanyu Zhou,13.0,12.983023
2024_R24,Nico Hulkenberg,8.0,7.9847713
2024_R24,Liam Lawson,17.0,16.656809
2024_R24,Franco Colapinto,19.0,18.511066
2024_R24,Lewis Hamilton,4.0,4.5403953
2024_R24,Carlos Sainz,2.0,1.962147
2024_R24,Jack Doohan,15.0,14.445553
2024_R24,George Russell,5.0,4.838649
2024_R24,Valtteri Bottas,18.0,18.258385
2024_R24,Oscar Piastri,10.0,11.242315
2025_R01,Max Verstappen,2.0,3.937237
2025_R01,Lando Norris,1.0,2.1199162
2025_R01,Gabriel Bortoleto,16.0,15.519626
2025_R01,Isack Hadjar,20.0,19.451742
2025_R01,Jack Doohan,19.0,19.306202
2025_R01,Pierre Gasly,11.0,11.339556
2025_R01,Andrea Kimi Antonelli,4.0,6.4675627
2025_R01,Fernando Alonso,17.0,16.637577
2025_R01,Charles Leclerc,8.0,7.8705215
2025_R01,Lance Stroll,6.0,6.872393
2025_R01,Yuki Tsunoda,12.0,11.985235
2025_R01,Alexander Albon,5.0,7.017293
2025_R01,Nico Hulkenberg,7.0,8.845776
2025_R01,Liam Lawson,15.0,15.076967
2025_R01,Esteban Ocon,13.0,12.741361
2025_R01,Lewis Hamilton,10.0,10.0680275
2025_R01,Carlos Sainz,18.0,19.475786
2025_R01,George Russell,3.0,4.990795
2025_R01,Oscar Piastri,9.0,10.457054
2025_R01,Oliver Bearman,14.0,14.263175
2025_R02,Max Verstappen,4.0,3.650204
2025_R02,Lando Norris,2.0,1.9769787
2025_R02,Gabriel Bortoleto,14.0,13.957131
2025_R02,Isack Hadjar,11.0,10.359889
2025_R02,Jack Doohan,13.0,13.276068
2025_R02,Pierre Gasly,20.0,17.695461
2025_R02,Kimi Antonelli,6.0,6.4275727
2025_R02,Fernando Alonso,17.0,18.082287
2025_R02,Charles Leclerc,18.0,19.01192
2025_R02,Lance Stroll,9.0,9.053862
2025_R02,Yuki Tsunoda,16.0,15.476152
2025_R02,Alexander Albon,7.0,6.884024
2025_R02,Nico Hulkenberg,15.0,15.008885
2025_R02,Liam Lawson,12.0,11.400301
2025_R02,Esteban Ocon,5.0,5.9749346
2025_R02,Lewis Hamilton,19.0,17.880074
2025_R02,Carlos Sainz,10.0,9.591058
2025_R02,George Russell,3.0,2.80496
2025_R02,Oscar Piastri,1.0,1.1900188
2025_R02,Oliver Bearman,8.0,8.841594
2025_R03,Max Verstappen,1.0,1.1053394
2025_R03,Lando Norris,2.0,1.8683625
2025_R03,Gabriel Bortoleto,19.0,18.657047
2025_R03,Isack Hadjar,8.0,8.262049
2025_R03,Jack Doohan,15.0,14.781789
2025_R03,Pierre Gasly,13.0,12.785763
2025_R03,Kimi Antonelli,6.0,6.563469
2025_R03,Fernando Alonso,11.0,11.302529
2025_R03,Charles Leclerc,4.0,4.0139823
2025_R03,Lance Stroll,20.0,20.0
2025_R03,Yuki Tsunoda,12.0,12.016368
2025_R03,Alexander Albon,9.0,9.048606
2025_R03,Nico Hulkenberg,16.0,16.273005
2025_R03,Liam Lawson,17.0,16.67659
2025_R03,Esteban Ocon,18.0,16.481846
2025_R03,Lewis Hamilton,7.0,6.8797727
2025_R03,Carlos Sainz,14.0,12.638374
2025_R03,George Russell,5.0,5.1133013
2025_R03,Oscar Piastri,3.0,2.6459556
2025_R03,Oliver Bearman,10.0,10.150897
2025_R04,Max Verstappen,6.0,5.8727884
2025_R04,Lando Norris,3.0,2.495348
2025_R04,Gabriel Bortoleto,18.0,18.189121
2025_R04,Isack Hadjar,13.0,13.235005
2025_R04,Jack Doohan,14.0,14.13796
2025_R04,Pierre Gasly,7.0,7.5254517
2025_R04,Kimi Antonelli,11.0,11.285886
2025_R04,Fernando Alonso,15.0,15.119502
2025_R04,Charles Leclerc,4.0,4.275726
2025_R04,Lance Stroll,17.0,17.227337
2025_R04,Yuki Tsunoda,9.0,9.385259
2025_R04,Alexander Albon,12.0,12.149059
2025_R04,Nico Hulkenberg,20.0,19.286245
2025_R04,Liam Lawson,16.0,15.705725
2025_R04,Esteban Ocon,8.0,8.104742
2025_R04,Lewis Hamilton,5.0,5.7128344
2025_R04,Carlos Sainz,19.0,17.229803
2025_R04,George Russell,2.0,2.0176373
2025_R04,Oscar Piastri,1.0,1.1628702
2025_R04,Oliver Bearman,10.0,9.392626
2025_R05,Max Verstappen,2.0,2.0292797
2025_R05,Lando Norris,4.0,4.367581
2025_R05,Gabriel Bortoleto,18.0,17.838655
2025_R05,Isack Hadjar,10.0,9.728976
2025_R05,Jack Doohan,17.0,17.38015
2025_R05,Pierre Gasly,20.0,19.298973
2025_R05,Kimi Antonelli,6.0,6.236219
2025_R05,Fernando Alonso,11.0,10.900214
2025_R05,Charles Leclerc,3.0,3.0329037
2025_R05,Lance Stroll,16.0,15.77082
2025_R05,Yuki Tsunoda,19.0,18.313498
2025_R05,Alexander Albon,9.0,8.924585
2025_R05,Nico Hulkenberg,15.0,14.472345
2025_R05,Liam Lawson,12.0,11.824466
2025_R05,Esteban Ocon,14.0,13.506956
2025_R05,Lewis Hamilton,7.0,7.5739484
2025_R05,Carlos Sainz,8.0,8.439577
2025_R05,George Russell,5.0,5.171318
2025_R05,Oscar Piastri,1.0,1.0691137
2025_R05,Oliver Bearman,13.0,12.539004
2025_R06,Max Verstappen,4.0,4.179789
2025_R06,Lando Norris,2.0,2.0097396
2025_R06,Gabriel Bortoleto,18.0,18.20078
2025_R06,Isack Hadjar,11.0,10.901619
2025_R06,Jack Doohan,20.0,19.767181
2025_R06,Pierre Gasly,13.0,12.439462
2025_R06,Kimi Antonelli,6.0,6.9846473
2025_R06,Fernando Alonso,15.0,14.591061
2025_R06,Charles Leclerc,7.0,7.1242266
2025_R06,Lance Stroll,16.0,15.805191
2025_R06,Yuki Tsunoda,10.0,9.983654
2025_R06,Alexander Albon,5.0,5.306434
2025_R06,Nico Hulkenberg,14.0,13.758355
2025_R06,Liam Lawson,17.0,17.15725
2025_R06,Esteban Ocon,12.0,11.802723
2025_R06,Lewis Hamilton,8.0,8.652666
2025_R06,Carlos Sainz,9.0,9.10924
2025_R06,George Russell,3.0,2.918383
2025_R06,Oscar Piastri,1.0,1.1728297
2025_R06,Oliver Bearman,19.0,19.254755
2025_R07,Max Verstappen,1.0,1.1392189
2025_R07,Lando Norris,2.0,1.8011231
2025_R07,Gabriel Bortoleto,18.0,18.023
2025_R07,Isack Hadjar,9.0,8.897291
2025_R07,Pierre Gasly,13.0,12.716942
2025_R07,Kimi Antonelli,19.0,18.075449
2025_R07,Fernando Alonso,11.0,10.820115
2025_R07,Charles Leclerc,6.0,5.293779
2025_R07,Lance Stroll,15.0,15.45742
2025_R07,Yuki Tsunoda,10.0,9.972346
2025_R07,Alexander Albon,5.0,5.236897
2025_R07,Nico Hulkenberg,12.0,12.057921
2025_R07,Liam Lawson,14.0,14.17816
2025_R07,Esteban Ocon,20.0,18.722063
2025_R07,Franco Colapinto,16.0,16.044847
2025_R07,Lewis Hamilton,4.0,4.3307176
2025_R07,Carlos Sainz,8.0,8.674071
2025_R07,George Russell,7.0,7.3773737
2025_R07,Oscar Piastri,3.0,3.233528
2025_R07,Oliver Bearman,17.0,17.1113
2025_R08,Max Verstappen,4.0,3.975031
2025_R08,Lando Norris,1.0,1.1169392
2025_R08,Gabriel Bortoleto,14.0,14.559461
2025_R08,Isack Hadjar,6.0,6.2199574
2025_R08,Pierre Gasly,20.0,19.130657
2025_R08,Kimi Antonelli,18.0,17.355658
2025_R08,Fernando Alonso,19.0,17.292315
2025_R08,Charles Leclerc,2.0,1.8668438
2025_R08,Lance Stroll,15.0,15.194909
2025_R08,Yuki Tsunoda,17.0,16.860456
2025_R08,Alexander Albon,9.0,9.083917
2025_R08,Nico Hulkenberg,16.0,16.386606
2025_R08,Liam Lawson,8.0,8.157116
2025_R08,Esteban Ocon,7.0,7.1154103
2025_R08,Franco Colapinto,13.0,13.141347
2025_R08,Lewis Hamilton,5.0,5.1229324
2025_R08,Carlos Sainz,10.0,10.3944025
2025_R08,George Russell,11.0,9.713338
2025_R08,Oscar Piastri,3.0,2.3125849
2025_R08,Oliver Bearman,12.0,11.92357
2025_R09,Max Verstappen,10.0,9.570773
2025_R09,Lando Norris,2.0,2.0251653
2025_R09,Gabriel Bortoleto,12.0,12.065738
2025_R09,Isack Hadjar,7.0,7.443382
2025_R09,Pierre Gasly,8.0,8.245763
2025_R09,Kimi Antonelli,18.0,18.041656
2025_R09,Fernando Alonso,9.0,9.381198
2025_R09,Charles Leclerc,3.0,2.9024696
2025_R09,Yuki Tsunoda,13.0,12.70267
2025_R09,Alexander Albon,19.0,17.742321
2025_R09,Nico Hulkenberg,5.0,7.0573783
2025_R09,Liam Lawson,11.0,10.958705
2025_R09,Esteban Ocon,16.0,15.824378
2025_R09,Franco Colapinto,15.0,15.28748
2025_R09,Lewis Hamilton,6.0,5.8374677
2025_R09,Carlos Sainz,14.0,14.218683
2025_R09,George Russell,4.0,4.038891
2025_R09,Oscar Piastri,1.0,1.1567569
2025_R09,Oliver Bearman,17.0,16.957956
2025_R10,Max Verstappen,2.0,1.9265254
2025_R10,Lando Norris,18.0,17.282492
2025_R10,Gabriel Bortoleto,14.0,14.03351
2025_R10,Isack Hadjar,16.0,16.058252
2025_R10,Pierre Gasly,15.0,15.201905
2025_R10,Kimi Antonelli,3.0,2.8200457
2025_R10,Fernando Alonso,7.0,7.535834
2025_R10,Charles Leclerc,5.0,6.525186
2025_R10,Lance Stroll,17.0,16.841135
2025_R10,Yuki Tsunoda,12.0,11.796423
2025_R10,Alexander Albon,20.0,19.462019
2025_R10,Nico Hulkenberg,8.0,9.179449
2025_R10,Liam Lawson,19.0,18.703342
2025_R10,Esteban Ocon,9.0,9.115907
2025_R10,Franco Colapinto,13.0,13.30524
2025_R10,Lewis Hamilton,6.0,6.160566
2025_R10,Carlos Sainz,10.0,9.514698
2025_R10,George Russell,1.0,1.0984962
2025_R10,Oscar Piastri,4.0,3.690754
2025_R10,Oliver Bearman,11.0,11.130929
2025_R11,Max Verstappen,18.0,19.199345
2025_R11,Lando Norris,1.0,1.1205187
2025_R11,Gabriel Bortoleto,8.0,8.259561
2025_R11,Isack Hadjar,12.0,11.491223
2025_R11,Pierre Gasly,13.0,12.7400675
2025_R11,Kimi Antonelli,19.0,19.288094
2025_R11,Fernando Alonso,7.0,7.545482
2025_R11,Charles Leclerc,3.0,3.0060866
2025_R11,Lance Stroll,14.0,14.022796
2025_R11,Yuki Tsunoda,16.0,16.106192
2025_R11,Alexander Albon,17.0,17.532007
2025_R11,Nico Hulkenberg,9.0,9.327532
2025_R11,Liam Lawson,6.0,5.9737215
2025_R11,Esteban Ocon,10.0,10.480684
2025_R11,Franco Colapinto,15.0,14.950795
2025_R11,Lewis Hamilton,4.0,4.1031427
2025_R11,Carlos Sainz,20.0,19.55272
2025_R11,George Russell,5.0,5.048145
2025_R11,Oscar Piastri,2.0,1.889734
2025_R11,Oliver Bearman,11.0,11.600059
2025_R12,Max Verstappen,5.0,5.446393
2025_R12,Lando Norris,1.0,1.3284475
2025_R12,Gabriel Bortoleto,18.0,18.620274
2025_R12,Isack Hadjar,17.0,16.536783
2025_R12,Pierre Gasly,6.0,6.417875
2025_R12,Kimi Antonelli,16.0,15.53582
2025_R12,Fernando Alonso,9.0,8.839899
2025_R12,Charles Leclerc,14.0,13.192614
2025_R12,Lance Stroll,7.0,7.1487923
2025_R12,Yuki Tsunoda,15.0,14.758291
2025_R12,Alexander Albon,8.0,7.9953904
2025_R12,Nico Hulkenberg,3.0,5.3280926
2025_R12,Liam Lawson,19.0,19.382
2025_R12,Esteban Ocon,13.0,12.869483
2025_R12,Franco Colapinto,20.0,20.0
2025_R12,Lewis Hamilton,4.0,4.0187106
2025_R12,Carlos Sainz,12.0,11.699895
2025_R12,George Russell,10.0,9.167475
2025_R12,Oscar Piastri,2.0,1.9586463
2025_R12,Oliver Bearman,11.0,10.955781
2025_R13,Max Verstappen,4.0,4.0907373
2025_R13,Lando Norris,2.0,1.9632622
2025_R13,Gabriel Bortoleto,9.0,9.020976
2025_R13,Isack Hadjar,20.0,17.981882
2025_R13,Pierre Gasly,10.0,9.647237
2025_R13,Kimi Antonelli,16.0,15.927936
2025_R13,Fernando Alonso,17.0,16.22406
2025_R13,Charles Leclerc,3.0,2.6358175
2025_R13,Lance Stroll,14.0,13.75353
2025_R13,Yuki Tsunoda,13.0,12.221847
2025_R13,Alexander Albon,6.0,6.1961575
2025_R13,Nico Hulkenberg,12.0,12.067774
2025_R13,Liam Lawson,8.0,7.767617
2025_R13,Esteban Ocon,15.0,15.178267
2025_R13,Franco Colapinto,19.0,18.527742
2025_R13,Lewis Hamilton,7.0,7.2161365
2025_R13,Carlos Sainz,18.0,17.90969
2025_R13,George Russell,5.0,5.008361
2025_R13,Oscar Piastri,1.0,1.1552458
2025_R13,Oliver Bearman,11.0,10.993101
2025_R14,Max Verstappen,9.0,8.7169285
2025_R14,Lando Norris,1.0,1.0
2025_R14,Gabriel Bortoleto,6.0,6.2910624
2025_R14,Isack Hadjar,11.0,11.388014
2025_R14,Pierre Gasly,19.0,18.48338
2025_R14,Kimi Antonelli,10.0,9.82655
2025_R14,Fernando Alonso,5.0,5.3137226
2025_R14,Charles Leclerc,4.0,3.8916075
2025_R14,Lance Stroll,7.0,7.090997
2025_R14,Yuki Tsunoda,17.0,16.950264
2025_R14,Alexander Albon,15.0,14.844873
2025_R14,Nico Hulkenberg,13.0,12.212542
2025_R14,Liam Lawson,8.0,7.7351165
2025_R14,Esteban Ocon,16.0,15.642684
2025_R14,Franco Colapinto,18.0,17.898361
2025_R14,Lewis Hamilton,12.0,10.346631
2025_R14,Carlos Sainz,14.0,13.905266
2025_R14,George Russell,3.0,2.9943984
2025_R14,Oscar Piastri,2.0,1.992141
2025_R14,Oliver Bearman,20.0,19.568857
2025_R15,Max Verstappen,2.0,2.1429355
2025_R15,Lando Norris,18.0,18.242067
2025_R15,Gabriel Bortoleto,15.0,14.898272
2025_R15,Isack Hadjar,3.0,3.2162628
2025_R15,Pierre Gasly,17.0,17.198837
2025_R15,Kimi Antonelli,16.0,16.02771
2025_R15,Fernando Alonso,8.0,8.22475
2025_R15,Charles Leclerc,19.0,18.572712
2025_R15,Lance Stroll,7.0,6.5178576
2025_R15,Yuki Tsunoda,9.0,8.457366
2025_R15,Alexander Albon,5.0,5.9674773
2025_R15,Nico Hulkenberg,14.0,13.965375
2025_R15,Liam Lawson,12.0,12.0875435
2025_R15,Esteban Ocon,10.0,10.049948
2025_R15,Franco Colapinto,11.0,11.055186
2025_R15,Lewis Hamilton,20.0,19.607674
2025_R15,Carlos Sainz,13.0,12.593404
2025_R15,George Russell,4.0,4.150962
2025_R15,Oscar Piastri,1.0,1.227317
2025_R15,Oliver Bearman,6.0,6.3755574
2025_R16,Max Verstappen,1.0,1.0
2025_R16,Lando Norris,2.0,1.9413271
2025_R16,Gabriel Bortoleto,8.0,7.878638
2025_R16,Isack Hadjar,10.0,10.55406
2025_R16,Pierre Gasly,16.0,16.227701
2025_R16,Kimi Antonelli,9.0,9.115223
2025_R16,Fernando Alonso,19.0,18.011534
2025_R16,Charles Leclerc,4.0,3.939164
2025_R16,Lance Stroll,18.0,17.869568
2025_R16,Yuki Tsunoda,13.0,12.855457
2025_R16,Alexander Albon,7.0,6.818113
2025_R16,Nico Hulkenberg,20.0,19.592928
2025_R16,Liam Lawson,14.0,13.059563
2025_R16,Esteban Ocon,15.0,14.945763
2025_R16,Franco Colapinto,17.0,17.097418
2025_R16,Lewis Hamilton,6.0,6.296084
2025_R16,Carlos Sainz,11.0,11.128973
2025_R16,George Russell,5.0,5.2672706
2025_R16,Oscar Piastri,3.0,2.6503382
2025_R16,Oliver Bearman,12.0,12.328742
2025_R17,Max Verstappen,1.0,1.0908204
2025_R17,Lando Norris,7.0,7.0713663
2025_R17,Gabriel Bortoleto,11.0,11.137919
2025_R17,Isack Hadjar,10.0,10.185622
2025_R17,Pierre Gasly,18.0,18.163183
2025_R17,Kimi Antonelli,4.0,4.1143155
2025_R17,Fernando Alonso,15.0,14.991716
2025_R17,Charles Leclerc,9.0,8.374948
2025_R17,Lance Stroll,17.0,17.364618
2025_R17,Yuki Tsunoda,6.0,5.9221625
2025_R17,Alexander Albon,13.0,12.3407
2025_R17,Nico Hulkenberg,16.0,15.100264
2025_R17,Liam Lawson,5.0,5.702763
2025_R17,Esteban Ocon,14.0,13.90454
2025_R17,Franco Colapinto,19.0,18.921331
2025_R17,Lewis Hamilton,8.0,7.466932
2025_R17,Carlos Sainz,3.0,3.6329913
2025_R17,George Russell,2.0,2.0380077
2025_R17,Oscar Piastri,20.0,19.466503
2025_R17,Oliver Bearman,12.0,11.477429
2025_R18,Max Verstappen,2.0,1.9067023
2025_R18,Lando Norris,3.0,2.773316
2025_R18,Gabriel Bortoleto,17.0,17.230097
2025_R18,Isack Hadjar,11.0,11.492906
2025_R18,Pierre Gasly,19.0,18.566828
2025_R18,Kimi Antonelli,5.0,4.9176984
2025_R18,Fernando Alonso,7.0,6.9562716
2025_R18,Charles Leclerc,6.0,5.8704877
2025_R18,Lance Stroll,13.0,12.806155
2025_R18,Yuki Tsunoda,12.0,11.808212
2025_R18,Alexander Albon,14.0,13.057855
2025_R18,Nico Hulkenberg,20.0,19.289692
2025_R18,Liam Lawson,15.0,14.959934
2025_R18,Esteban Ocon,18.0,18.265871
2025_R18,Franco Colapinto,16.0,16.090101
2025_R18,Lewis Hamilton,8.0,8.208823
2025_R18,Carlos Sainz,10.0,9.168796
2025_R18,George Russell,1.0,1.1213759
2025_R18,Oscar Piastri,4.0,4.212467
2025_R18,Oliver Bearman,9.0,8.851417
2025_R19,Max Verstappen,1.0,1.1077331
2025_R19,Lando Norris,2.0,1.9599257
2025_R19,Gabriel Bortoleto,18.0,18.387215
2025_R19,Isack Hadjar,16.0,15.411518
2025_R19,Pierre Gasly,19.0,18.242859
2025_R19,Kimi Antonelli,13.0,12.8156
2025_R19,Fernando Alonso,10.0,10.074193
2025_R19,Charles Leclerc,3.0,2.7823968
2025_R19,Lance Stroll,12.0,11.387289
2025_R19,Yuki Tsunoda,7.0,7.1591763
2025_R19,Alexander Albon,14.0,13.977094
2025_R19,Nico Hulkenberg,8.0,8.129512
2025_R19,Liam Lawson,11.0,11.227155
2025_R19,Esteban Ocon,15.0,14.814815
2025_R19,Franco Colapinto,17.0,17.003672
2025_R19,Lewis Hamilton,4.0,3.893436
2025_R19,Carlos Sainz,20.0,19.497648
2025_R19,George Russell,6.0,5.952091
2025_R19,Oscar Piastri,5.0,5.238511
2025_R19,Oliver Bearman,9.0,9.173376
2025_R20,Max Verstappen,3.0,3.354669
2025_R20,Lando Norris,1.0,1.1093197
2025_R20,Gabriel Bortoleto,10.0,10.128032
2025_R20,Isack Hadjar,13.0,13.688095
2025_R20,Pierre Gasly,15.0,15.034638
2025_R20,Kimi Antonelli,6.0,5.939588
2025_R20,Fernando Alonso,18.0,18.005318
2025_R20,Charles Leclerc,2.0,2.3089397
2025_R20,Lance Stroll,14.0,14.024859
2025_R20,Yuki Tsunoda,11.0,11.123559
2025_R20,Alexander Albon,12.0,11.834635
2025_R20,Nico Hulkenberg,19.0,18.910343
2025_R20,Liam Lawson,20.0,19.27163
2025_R20,Esteban Ocon,9.0,8.783636
2025_R20,Franco Colapinto,16.0,16.180952
2025_R20,Lewis Hamilton,8.0,8.098272
2025_R20,Carlos Sainz,17.0,16.820494
2025_R20,George Russell,7.0,6.79349
2025_R20,Oscar Piastri,5.0,5.097846
2025_R20,Oliver Bearman,4.0,4.905781
2025_R21,Max Verstappen,3.0,3.5966346
2025_R21,Lando Norris,1.0,1.025511
2025_R21,Gabriel Bortoleto,20.0,19.677011
2025_R21,Isack Hadjar,8.0,7.7664347
2025_R21,Pierre Gasly,10.0,10.420084
2025_R21,Kimi Antonelli,2.0,2.2852492
2025_R21,Fernando Alonso,14.0,13.9821825
2025_R21,Charles Leclerc,19.0,19.537107
2025_R21,Lance Stroll,16.0,16.053131
2025_R21,Yuki Tsunoda,17.0,16.842936
2025_R21,Alexander Albon,11.0,11.144148
2025_R21,Nico Hulkenberg,9.0,9.197262
2025_R21,Liam Lawson,7.0,7.036353
2025_R21,Esteban Ocon,12.0,12.02314
2025_R21,Franco Colapinto,15.0,14.885628
2025_R21,Lewis Hamilton,18.0,17.055063
2025_R21,Carlos Sainz,13.0,12.992911
2025_R21,George Russell,4.0,4.411684
2025_R21,Oscar Piastri,5.0,5.0124407
2025_R21,Oliver Bearman,6.0,6.2845635
2025_R22,Max Verstappen,1.0,1.088319
2025_R22,Lando Norris,19.0,19.010519
2025_R22,Gabriel Bortoleto,17.0,16.56806
2025_R22,Isack Hadjar,6.0,6.217877
2025_R22,Pierre Gasly,13.0,13.405973
2025_R22,Kimi Antonelli,3.0,3.1484702
2025_R22,Fernando Alonso,11.0,10.589393
2025_R22,Charles Leclerc,4.0,4.4101086
2025_R22,Lance Stroll,18.0,18.559696
2025_R22,Yuki Tsunoda,12.0,11.769305
2025_R22,Alexander Albon,16.0,16.093927
2025_R22,Nico Hulkenberg,7.0,7.038331
2025_R22,Liam Lawson,14.0,14.939513
2025_R22,Esteban Ocon,9.0,8.968006
2025_R22,Franco Colapinto,15.0,14.885491
2025_R22,Lewis Hamilton,8.0,7.772145
2025_R22,Carlos Sainz,5.0,6.1983852
2025_R22,George Russell,2.0,2.0523162
2025_R22,Oscar Piastri,20.0,19.350254
2025_R22,Oliver Bearman,10.0,9.997722
2025_R23,Max Verstappen,1.0,1.2732438
2025_R23,Lando Norris,4.0,3.7736757
2025_R23,Gabriel Bortoleto,13.0,13.114807
2025_R23,Isack Hadjar,18.0,18.125347
2025_R23,Pierre Gasly,16.0,15.2736635
2025_R23,Kimi Antonelli,5.0,5.0213017
2025_R23,Fernando Alonso,7.0,7.0139546
2025_R23,Charles Leclerc,8.0,8.132797
2025_R23,Lance Stroll,17.0,16.938257
2025_R23,Yuki Tsunoda,10.0,9.959045
2025_R23,Alexander Albon,11.0,10.962474
2025_R23,Nico Hulkenberg,20.0,19.869703
2025_R23,Liam Lawson,9.0,8.878471
2025_R23,Esteban Ocon,15.0,15.56507
2025_R23,Franco Colapinto,14.0,14.10213
2025_R23,Lewis Hamilton,12.0,11.275743
2025_R23,Carlos Sainz,3.0,3.9779959
2025_R23,George Russell,6.0,5.9481378
2025_R23,Oscar Piastri,2.0,2.2560458
2025_R23,Oliver Bearman,19.0,18.096699
2025_R24,Max Verstappen,1.0,1.0
2025_R24,Lando Norris,3.0,3.0225432
2025_R24,Gabriel Bortoleto,11.0,11.025322
2025_R24,Isack Hadjar,17.0,17.753706
2025_R24,Pierre Gasly,19.0,18.701294
2025_R24,Kimi Antonelli,15.0,14.068211
2025_R24,Fernando Alonso,6.0,5.655665
2025_R24,Charles Leclerc,4.0,4.1961493
2025_R24,Lance Stroll,10.0,10.275406
2025_R24,Yuki Tsunoda,14.0,13.736178
2025_R24,Alexander Albon,16.0,15.788511
2025_R24,Nico Hulkenberg,9.0,9.308384
2025_R24,Liam Lawson,18.0,18.06023
2025_R24,Esteban Ocon,7.0,6.8194194
2025_R24,Franco Colapinto,20.0,19.905466
2025_R24,Lewis Hamilton,8.0,8.181974
2025_R24,Carlos Sainz,13.0,12.995345
2025_R24,George Russell,5.0,4.935133
2025_R24,Oscar Piastri,2.0,2.0695975
2025_R24,Oliver Bearman,12.0,12.1538315
